article,len,svc,bfm,bmw_prob,honda_prob,mercedes_prob,mitsubishi_prob,nissan_prob,toyota_prob,unknown_article_prob,vag_prob
171363000,9,nissan,bmw,0.9111405835543767,0.08753315649867374,0.0,0.0,0.001326259946949602,0.0,0.0,0.0
541007310,9,nissan,bmw,0.8969359331476323,0.10306406685236769,0.0,0.0,0.0,0.0,0.0,0.0
601427121,9,nissan,bmw,0.9638888888888889,0.03611111111111111,0.0,0.0,0.0,0.0,0.0,0.0
134106850,9,nissan,bmw,0.9205020920502092,0.0794979079497908,0.0,0.0,0.0,0.0,0.0,0.0
134113830,9,nissan,bmw,0.8789473684210526,0.12105263157894737,0.0,0.0,0.0,0.0,0.0,0.0
231117010,9,nissan,bmw,0.8571428571428571,0.13769363166953527,0.0,0.0,0.0034423407917383822,0.0,0.0,0.0017211703958691911
400361220,9,nissan,bmw,0.9355844155844156,0.06441558441558441,0.0,0.0,0.0,0.0,0.0,0.0
534013830,9,nissan,bmw,0.8789473684210526,0.12105263157894737,0.0,0.0,0.0,0.0,0.0,0.0
707152200,9,nissan,bmw,0.9936962750716333,0.006303724928366762,0.0,0.0,0.0,0.0,0.0,0.0
715220800,9,nissan,bmw,0.9837837837837838,0.014414414414414415,0.0,0.0,0.0,0.0,0.0,0.0018018018018018018
504277774,9,nissan,bmw,0.8845836768342952,0.1145919208573784,0.0,0.0,0.0008244023083264633,0.0,0.0,0.0
041007401,9,nissan,bmw,0.9816901408450704,0.015492957746478873,0.0,0.0,0.0014084507042253522,0.0,0.0,0.0014084507042253522
814029200,9,nissan,bmw,0.998085513720485,0.0012763241863433313,0.0,0.0,0.0,0.0,0.0006381620931716656,0.0
501117030,9,nissan,bmw,0.8571428571428571,0.13769363166953527,0.0,0.0,0.0034423407917383822,0.0,0.0,0.0017211703958691911
127102460,9,nissan,bmw,0.9771241830065359,0.02287581699346405,0.0,0.0,0.0,0.0,0.0,0.0
134101140,9,nissan,bmw,0.9205020920502092,0.0794979079497908,0.0,0.0,0.0,0.0,0.0,0.0
252109139,9,nissan,bmw,0.9953434225844005,0.004656577415599534,0.0,0.0,0.0,0.0,0.0,0.0
813514700,9,nissan,bmw,0.9684650455927052,0.031534954407294834,0.0,0.0,0.0,0.0,0.0,0.0
626303609,9,nissan,bmw,0.9111405835543767,0.08753315649867374,0.0,0.0,0.001326259946949602,0.0,0.0,0.0
500341178,9,nissan,bmw,0.9205020920502092,0.0794979079497908,0.0,0.0,0.0,0.0,0.0,0.0
613136500,9,nissan,bmw,0.8951515151515151,0.10484848484848484,0.0,0.0,0.0,0.0,0.0,0.0
127111920,9,nissan,bmw,0.9352589641434262,0.0647410358565737,0.0,0.0,0.0,0.0,0.0,0.0
429203650,9,nissan,bmw,0.8991825613079019,0.1008174386920981,0.0,0.0,0.0,0.0,0.0,0.0
713414800,9,nissan,bmw,0.9518518518518518,0.04814814814814815,0.0,0.0,0.0,0.0,0.0,0.0
416201160,9,nissan,bmw,0.8839336763865066,0.115494568324757,0.0,0.0,0.0005717552887364208,0.0,0.0,0.0
711192100,9,nissan,bmw,0.9352589641434262,0.0647410358565737,0.0,0.0,0.0,0.0,0.0,0.0
430201402,9,nissan,bmw,0.9967487227124942,0.002786809103576405,0.0,0.0,0.00046446818392940084,0.0,0.0,0.0
803484483,9,nissan,bmw,0.9518518518518518,0.04814814814814815,0.0,0.0,0.0,0.0,0.0,0.0
134115130,9,nissan,bmw,0.9205020920502092,0.0794979079497908,0.0,0.0,0.0,0.0,0.0,0.0
420220730,9,nissan,bmw,0.9963768115942029,0.0024154589371980675,0.0,0.0,0.0,0.0,0.0012077294685990338,0.0
713434100,9,nissan,bmw,0.9205020920502092,0.0794979079497908,0.0,0.0,0.0,0.0,0.0,0.0
134113020,9,nissan,bmw,0.9205020920502092,0.0794979079497908,0.0,0.0,0.0,0.0,0.0,0.0
416110341,9,nissan,bmw,0.9205020920502092,0.0794979079497908,0.0,0.0,0.0,0.0,0.0,0.0
713136800,9,nissan,bmw,0.8951515151515151,0.10484848484848484,0.0,0.0,0.0,0.0,0.0,0.0
613198020,9,nissan,bmw,0.9965156794425087,0.003484320557491289,0.0,0.0,0.0,0.0,0.0,0.0
701341030,9,nissan,bmw,0.9205020920502092,0.0794979079497908,0.0,0.0,0.0,0.0,0.0,0.0
062109293,9,nissan,bmw,0.983957219251337,0.014514896867838044,0.0,0.0,0.0,0.0,0.0,0.0015278838808250573
504147775,9,nissan,bmw,0.9890736342042755,0.010926365795724466,0.0,0.0,0.0,0.0,0.0,0.0
713136300,9,nissan,bmw,0.9111405835543767,0.08753315649867374,0.0,0.0,0.001326259946949602,0.0,0.0,0.0
134113800,9,nissan,bmw,0.9205020920502092,0.0794979079497908,0.0,0.0,0.0,0.0,0.0,0.0
55429JE20A,10,nissan,honda,0.007049345417925478,0.8227593152064451,0.0,0.0,0.1661631419939577,0.004028197381671702,0.0,0.0
14035WE000,10,nissan,honda,0.0,0.9071428571428571,0.0,0.0,0.08035714285714286,0.0125,0.0,0.0
25441M0000,10,nissan,honda,0.0,0.9468503937007874,0.0,0.0,0.014435695538057743,0.03871391076115486,0.0,0.0
54630F1DA0,10,nissan,honda,0.0,0.8017857142857143,0.0,0.0,0.18928571428571428,0.008928571428571428,0.0,0.0
218302E200,10,nissan,honda,0.004316546762589928,0.8676258992805755,0.0,0.0007194244604316547,0.12158273381294964,0.0057553956834532375,0.0,0.0
235102F100,10,nissan,honda,0.0,0.8082788671023965,0.0,0.0,0.06100217864923747,0.13071895424836602,0.0,0.0
31266GA020,10,nissan,honda,0.0,0.9354066985645934,0.0,0.0,0.0645933014354067,0.0,0.0,0.0
57254AA011,10,nissan,honda,0.005272407732864675,0.8804920913884007,0.0,0.0,0.1054481546572935,0.008787346221441126,0.0,0.0
3340064G00,10,nissan,honda,0.0,0.8547794117647058,0.0,0.0,0.13419117647058823,0.011029411764705883,0.0,0.0
60072RSRC3,10,nissan,honda,0.0008992805755395684,0.8246402877697842,0.0,0.0,0.17266187050359713,0.0017985611510791368,0.0,0.0
218301W200,10,nissan,honda,0.004316546762589928,0.8676258992805755,0.0,0.0007194244604316547,0.12158273381294964,0.0057553956834532375,0.0,0.0
120335CA0A,10,nissan,honda,0.0,0.9127589967284624,0.0,0.0,0.0806979280261723,0.006543075245365322,0.0,0.0
34430SA000,10,nissan,honda,0.0,0.8020989505247377,0.0,0.0014992503748125937,0.1184407796101949,0.07796101949025487,0.0,0.0
11815AB560,10,nissan,honda,0.0,0.8120567375886525,0.0,0.0,0.17907801418439717,0.008865248226950355,0.0,0.0
209102BJ01,10,nissan,honda,0.0007457121551081282,0.8351976137211037,0.0,0.00820283370618941,0.15137956748695003,0.0044742729306487695,0.0,0.0
25443H8000,10,nissan,honda,0.0,0.8020989505247377,0.0,0.0014992503748125937,0.1184407796101949,0.07796101949025487,0.0,0.0
123037S000,10,nissan,honda,0.0,0.9121338912133892,0.0,0.0,0.08786610878661087,0.0,0.0,0.0
546181CA5A,10,nissan,honda,0.0,0.8120567375886525,0.0,0.0,0.17907801418439717,0.008865248226950355,0.0,0.0
42181KK010,10,nissan,honda,0.0,0.8120567375886525,0.0,0.0,0.17907801418439717,0.008865248226950355,0.0,0.0
311172D000,10,nissan,honda,0.0,0.8245283018867925,0.0,0.0018867924528301887,0.17358490566037735,0.0,0.0,0.0
90810JU00D,10,nissan,honda,0.0,0.8673913043478261,0.0,0.002173913043478261,0.11304347826086956,0.017391304347826087,0.0,0.0
768535AA0A,10,nissan,honda,0.0,0.9462962962962963,0.0,0.0,0.05,0.003703703703703704,0.0,0.0
267172F000,10,nissan,honda,0.0,0.8245283018867925,0.0,0.0018867924528301887,0.17358490566037735,0.0,0.0,0.0
209102EA00,10,nissan,honda,0.0007457121551081282,0.8351976137211037,0.0,0.00820283370618941,0.15137956748695003,0.0044742729306487695,0.0,0.0
01109KUN26,10,nissan,honda,0.0017543859649122807,0.9614035087719298,0.0,0.0,0.03684210526315789,0.0,0.0,0.0
39100JG74A,10,nissan,honda,0.0007457121551081282,0.8351976137211037,0.0,0.00820283370618941,0.15137956748695003,0.0044742729306487695,0.0,0.0
214432U000,10,nissan,honda,0.0,0.8020989505247377,0.0,0.0014992503748125937,0.1184407796101949,0.07796101949025487,0.0,0.0
34439AE020,10,nissan,honda,0.0,0.8020989505247377,0.0,0.0014992503748125937,0.1184407796101949,0.07796101949025487,0.0,0.0
33111JD60A,10,nissan,honda,0.018281535648994516,0.9177330895795247,0.0,0.0,0.05301645338208409,0.010968921389396709,0.0,0.0
351002B180,10,nissan,honda,0.0,0.8082788671023965,0.0,0.0,0.06100217864923747,0.13071895424836602,0.0,0.0
546133TT0A,10,nissan,honda,0.017716535433070866,0.8188976377952756,0.0,0.0,0.1594488188976378,0.003937007874015748,0.0,0.0
546302S05A,10,nissan,honda,0.0,0.8017857142857143,0.0,0.0,0.18928571428571428,0.008928571428571428,0.0,0.0
905024EA1B,10,nissan,honda,0.0,0.8629856850715747,0.0,0.0,0.130879345603272,0.006134969325153374,0.0,0.0
331423KA0A,10,nissan,honda,0.0023014959723820483,0.8262370540851554,0.0,0.0,0.16915995397008055,0.0023014959723820483,0.0,0.0
76749BM90A,10,nissan,honda,0.0013003901170351106,0.8283485045513654,0.0,0.0,0.15344603381014305,0.016905071521456438,0.0,0.0
29110C1000,10,nissan,honda,0.013250883392226149,0.8277385159010601,0.0,0.00530035335689046,0.1501766784452297,0.0035335689045936395,0.0,0.0
49181AA000,10,nissan,honda,0.0,0.8120567375886525,0.0,0.0,0.17907801418439717,0.008865248226950355,0.0,0.0
218302T350,10,nissan,honda,0.004316546762589928,0.8676258992805755,0.0,0.0007194244604316547,0.12158273381294964,0.0057553956834532375,0.0,0.0
883502JPA0,10,nissan,honda,0.0,0.9127589967284624,0.0,0.0,0.0806979280261723,0.006543075245365322,0.0,0.0
654701AA0A,10,nissan,honda,0.016488046166529265,0.8680956306677658,0.0,0.0,0.09975267930750206,0.015663643858202802,0.0,0.0
284172F000,10,nissan,manual_check,0.043795620437956206,0.20681265206812652,0.0,0.004866180048661801,0.610705596107056,0.13381995133819952,0.0,0.0
3172804X0C,10,nissan,manual_check,0.014686248331108143,0.14285714285714285,0.0,0.0,0.6769025367156208,0.16555407209612816,0.0,0.0
140533JA0B,10,nissan,manual_check,0.0,0.4755178907721281,0.0,0.0009416195856873823,0.4218455743879473,0.1016949152542373,0.0,0.0
410000070,9,nissan,manual_check,0.05952380952380952,0.2996031746031746,0.013888888888888888,0.0,0.6170634920634921,0.003968253968253968,0.0,0.005952380952380952
0FE3N12124,10,nissan,manual_check,0.0,0.1940685286495825,0.0,0.1479988482579902,0.49208177368269507,0.16527497840483732,0.0,0.0005758710048949035
135206930,9,nissan,manual_check,0.0,0.018581081081081082,0.0016891891891891893,0.05067567567567568,0.14695945945945946,0.06418918918918919,0.0,0.7179054054054054
089136065A,10,nissan,manual_check,0.0,0.0,0.0,0.0,0.5273224043715847,0.0,0.0,0.4726775956284153
5401188ASX,10,nissan,manual_check,0.0,0.17862595419847327,0.0,0.03206106870229008,0.49770992366412214,0.2916030534351145,0.0,0.0
815327400,9,nissan,manual_check,0.0,0.007692307692307693,0.0,0.03076923076923077,0.1673076923076923,0.015384615384615385,0.0,0.7788461538461539
4422011RUE,10,nissan,manual_check,0.0,0.17862595419847327,0.0,0.03206106870229008,0.49770992366412214,0.2916030534351145,0.0,0.0
256112R000,10,nissan,manual_check,0.0033003300330033004,0.1443894389438944,0.0,0.0008250825082508251,0.27970297029702973,0.5701320132013201,0.0,0.0016501650165016502
5200341ASX,10,nissan,manual_check,0.0,0.17862595419847327,0.0,0.03206106870229008,0.49770992366412214,0.2916030534351145,0.0,0.0
144115M300,10,nissan,manual_check,0.0,0.4940652818991098,0.0,0.002967359050445104,0.4599406528189911,0.04302670623145401,0.0,0.0
AKS0007MOF,10,nissan,manual_check,0.0,0.2656,0.0,0.024,0.7024,0.008,0.0,0.0
078109149,9,nissan,manual_check,0.0,0.03278688524590164,0.0,0.019672131147540985,0.3475409836065574,0.011475409836065573,0.0,0.5885245901639344
26300AN00A,10,nissan,manual_check,0.002631578947368421,0.31973684210526315,0.0,0.002631578947368421,0.5815789473684211,0.09342105263157895,0.0,0.0
20365AL020,10,nissan,manual_check,0.00523168908819133,0.7257100149476831,0.0,0.0,0.26756352765321373,0.0014947683109118087,0.0,0.0
28113G6000,10,nissan,manual_check,0.0025477707006369425,0.4191082802547771,0.0,0.0,0.5006369426751592,0.07770700636942675,0.0,0.0
230402S000,10,nissan,manual_check,0.004201680672268907,0.11764705882352941,0.0,0.0,0.6638655462184874,0.21428571428571427,0.0,0.0
600035500,9,nissan,manual_check,0.0,0.022222222222222223,0.0010582010582010583,0.012698412698412698,0.21798941798941798,0.005291005291005291,0.0,0.7407407407407407
581013KA61,10,nissan,manual_check,0.015544041450777202,0.37823834196891193,0.0,0.0051813471502590676,0.37305699481865284,0.22797927461139897,0.0,0.0
2211934LUE,10,nissan,manual_check,0.0,0.17862595419847327,0.0,0.03206106870229008,0.49770992366412214,0.2916030534351145,0.0,0.0
63810JD000,10,nissan,manual_check,0.0013351134846461949,0.2857142857142857,0.0,0.0013351134846461949,0.5287049399198932,0.1829105473965287,0.0,0.0
155212045,9,nissan,manual_check,0.1580135440180587,0.05869074492099323,0.0,0.009029345372460496,0.39954853273137697,0.013544018058690745,0.0,0.3611738148984199
26060JD91A,10,nissan,manual_check,0.0,0.15192135835567472,0.0,0.0035746201966041107,0.7765862377122431,0.0679177837354781,0.0,0.0
501261873,9,nissan,manual_check,0.0,0.009411764705882352,0.0,0.042352941176470586,0.2917647058823529,0.04941176470588235,0.0,0.6070588235294118
015313501,9,nissan,manual_check,0.0,0.00539568345323741,0.0017985611510791368,0.02158273381294964,0.2517985611510791,0.01618705035971223,0.0,0.7032374100719424
253141978,9,nissan,manual_check,0.0,0.00539568345323741,0.0017985611510791368,0.02158273381294964,0.2517985611510791,0.01618705035971223,0.0,0.7032374100719424
143221401,9,nissan,manual_check,0.0,0.017408123791102514,0.0,0.047388781431334626,0.6518375241779497,0.012572533849129593,0.0,0.27079303675048355
291302S000,10,nissan,manual_check,0.0020060180541624875,0.26078234704112335,0.0,0.0010030090270812437,0.4002006018054162,0.33600802407221664,0.0,0.0
AKS0005HOM,10,nissan,manual_check,0.0,0.2656,0.0,0.024,0.7024,0.008,0.0,0.0
2803100K00,10,nissan,manual_check,0.014686248331108143,0.14285714285714285,0.0,0.0,0.6769025367156208,0.16555407209612816,0.0,0.0
057145117,9,nissan,manual_check,0.0,0.017408123791102514,0.0,0.047388781431334626,0.6518375241779497,0.012572533849129593,0.0,0.27079303675048355
250138820,9,nissan,manual_check,0.0,0.013440860215053764,0.0,0.024193548387096774,0.5833333333333334,0.010752688172043012,0.0,0.3682795698924731
254312L000,10,nissan,manual_check,0.011152416356877323,0.34572490706319703,0.0,0.009913258983890954,0.48946716232961585,0.14374225526641884,0.0,0.0
504164177,9,nissan,manual_check,0.0,0.03313253012048193,0.0,0.018072289156626505,0.7228915662650602,0.05421686746987952,0.0,0.1716867469879518
11210JN30A,10,nissan,manual_check,0.0,0.398884239888424,0.0,0.0,0.497907949790795,0.10320781032078104,0.0,0.0
551026710,9,nissan,manual_check,0.1580135440180587,0.05869074492099323,0.0,0.009029345372460496,0.39954853273137697,0.013544018058690745,0.0,0.3611738148984199
5200848ASX,10,nissan,manual_check,0.0,0.17862595419847327,0.0,0.03206106870229008,0.49770992366412214,0.2916030534351145,0.0,0.0
49790JN00B,10,nissan,manual_check,0.0,0.23128342245989306,0.0,0.00267379679144385,0.5882352941176471,0.17780748663101603,0.0,0.0
NSP048934148010C2,17,nissan,mercedes,0.0,0.0,0.9734265734265735,0.0,0.005594405594405594,0.0,0.0,0.02097902097902098
430140009,9,nissan,mitsubishi,0.0,0.0,0.0,0.9971724787935909,0.002827521206409048,0.0,0.0,0.0
600014000,9,nissan,mitsubishi,0.0,0.0,0.0,0.9971724787935909,0.002827521206409048,0.0,0.0,0.0
480140010,9,nissan,mitsubishi,0.0,0.0,0.0,0.9971724787935909,0.002827521206409048,0.0,0.0,0.0
430140002,9,nissan,mitsubishi,0.0008680555555555555,0.0,0.0,0.9991319444444444,0.0,0.0,0.0,0.0
414000222,9,nissan,mitsubishi,0.0,0.0,0.0,1.0,0.0,0.0,0.0,0.0
9PK1360AHD,10,nissan,mitsubishi,0.0,0.0,0.0,1.0,0.0,0.0,0.0,0.0
6418DWP1BL,10,nissan,mitsubishi,0.0,0.0008090614886731392,0.0,0.9967637540453075,0.0024271844660194173,0.0,0.0,0.0
814000110,9,nissan,mitsubishi,0.0,0.0,0.0,0.9971724787935909,0.002827521206409048,0.0,0.0,0.0
430140010,9,nissan,mitsubishi,0.0,0.0,0.0,0.9971724787935909,0.002827521206409048,0.0,0.0,0.0
430140001,9,nissan,mitsubishi,0.0,0.0,0.0,0.9971724787935909,0.002827521206409048,0.0,0.0,0.0
5464BA1BRV,10,nissan,mitsubishi,0.0,0.0008090614886731392,0.0,0.9967637540453075,0.0024271844660194173,0.0,0.0,0.0
713001400,9,nissan,mitsubishi,0.0,0.0,0.0,1.0,0.0,0.0,0.0,0.0
450000140,9,nissan,mitsubishi,0.0,0.0,0.0,0.9971724787935909,0.002827521206409048,0.0,0.0,0.0
20A365A52B,10,nissan,mitsubishi,0.0,0.04060913705583756,0.0,0.8477157360406091,0.1065989847715736,0.005076142131979695,0.0,0.0
430140008,9,nissan,mitsubishi,0.0,0.0,0.0,0.9971724787935909,0.002827521206409048,0.0,0.0,0.0
0411NA8WRH,10,nissan,mitsubishi,0.0,0.0008090614886731392,0.0,0.9967637540453075,0.0024271844660194173,0.0,0.0,0.0
6904LLU2AS,10,nissan,mitsubishi,0.0,0.0008090614886731392,0.0,0.9967637540453075,0.0024271844660194173,0.0,0.0,0.0
200014000,9,nissan,mitsubishi,0.0,0.0,0.0,0.9971724787935909,0.002827521206409048,0.0,0.0,0.0
0411KB4SHA,10,nissan,mitsubishi,0.0,0.0008090614886731392,0.0,0.9967637540453075,0.0024271844660194173,0.0,0.0,0.0
711014000,9,nissan,mitsubishi,0.0,0.0,0.0,0.9971724787935909,0.002827521206409048,0.0,0.0,0.0
414000292,9,nissan,mitsubishi,0.0,0.0,0.0,1.0,0.0,0.0,0.0,0.0
9PK1380AHD,10,nissan,mitsubishi,0.0,0.0043997485857950975,0.0,0.8359522313010685,0.1583909490886235,0.0006285355122564425,0.0,0.0006285355122564425
221030076,9,nissan,toyota,0.0,0.0,0.0,0.0,0.0042796005706134095,0.9914407988587732,0.0,0.0042796005706134095
257420501,9,nissan,toyota,0.002079002079002079,0.0,0.0,0.0,0.0,0.9968814968814969,0.0010395010395010396,0.0
552000210,9,nissan,toyota,0.0014925373134328358,0.0014925373134328358,0.0007462686567164179,0.0,0.011194029850746268,0.9805970149253731,0.004477611940298508,0.0
130100240,9,nissan,toyota,0.0,0.0033259423503325942,0.0,0.0022172949002217295,0.05321507760532151,0.9368070953436807,0.0,0.004434589800443459
024214001,9,nissan,toyota,0.0,0.0033259423503325942,0.0,0.0022172949002217295,0.05321507760532151,0.9368070953436807,0.0,0.004434589800443459
134103620,9,nissan,toyota,0.0,0.001851851851851852,0.0,0.0,0.06481481481481481,0.9333333333333333,0.0,0.0
250138520,9,nissan,toyota,0.0006906077348066298,0.0,0.0,0.0,0.003453038674033149,0.9951657458563536,0.0,0.0006906077348066298
715422200,9,nissan,toyota,0.0,0.0018231540565177757,0.0,0.0,0.04740200546946217,0.95077484047402,0.0,0.0
636300509,9,nissan,toyota,0.0,0.004500450045004501,0.0,0.0,0.026102610261026102,0.9684968496849685,0.0,0.0009000900090009
150348455,9,nissan,toyota,0.0,0.0,0.0,0.0,0.011695906432748537,0.9678362573099415,0.0,0.02046783625730994
713007620,9,nissan,toyota,0.0,0.0,0.0,0.0,0.0042796005706134095,0.9914407988587732,0.0,0.0042796005706134095
520000611,9,nissan,toyota,0.0014925373134328358,0.0014925373134328358,0.0007462686567164179,0.0,0.011194029850746268,0.9805970149253731,0.004477611940298508,0.0
400367620,9,nissan,toyota,0.0,0.001851851851851852,0.0,0.0,0.06481481481481481,0.9333333333333333,0.0,0.0
100124020,9,nissan,toyota,0.0,0.0033259423503325942,0.0,0.0022172949002217295,0.05321507760532151,0.9368070953436807,0.0,0.004434589800443459
240204638,9,nissan,toyota,0.0,0.0033259423503325942,0.0,0.0022172949002217295,0.05321507760532151,0.9368070953436807,0.0,0.004434589800443459
714304400,9,nissan,toyota,0.0,0.0030627871362940277,0.0,0.0030627871362940277,0.007656967840735069,0.9862174578866769,0.0,0.0
504024777,9,nissan,toyota,0.0,0.0033259423503325942,0.0,0.0022172949002217295,0.05321507760532151,0.9368070953436807,0.0,0.004434589800443459
903120003,9,nissan,toyota,0.0,0.0,0.0034965034965034965,0.0,0.006993006993006993,0.9790209790209791,0.006993006993006993,0.0034965034965034965
701044030,9,nissan,toyota,0.0,0.004670169293636894,0.0,0.0005837711617046118,0.015178050204319907,0.9795680093403386,0.0,0.0
504385138,9,nissan,toyota,0.0006906077348066298,0.0,0.0,0.0,0.003453038674033149,0.9951657458563536,0.0,0.0006906077348066298
661303000,9,nissan,toyota,0.0,0.015105740181268883,0.0,0.0,0.013091641490433032,0.9707955689828801,0.0,0.0010070493454179255
130040011,9,nissan,toyota,0.0,0.01306532663316583,0.0,0.0,0.024120603015075376,0.9628140703517588,0.0,0.0
504107629,9,nissan,toyota,0.0,0.0,0.0,0.0,0.0042796005706134095,0.9914407988587732,0.0,0.0042796005706134095
013424002,9,nissan,toyota,0.0,0.0033259423503325942,0.0,0.0022172949002217295,0.05321507760532151,0.9368070953436807,0.0,0.004434589800443459
111041133,9,nissan,toyota,0.0,0.0014641288433382138,0.0,0.0,0.020497803806734993,0.9773060029282576,0.0,0.0007320644216691069
020006300,9,nissan,toyota,0.0,0.004500450045004501,0.0,0.0,0.026102610261026102,0.9684968496849685,0.0,0.0009000900090009
504211275,9,nissan,toyota,0.002079002079002079,0.0,0.0,0.0,0.0,0.9968814968814969,0.0010395010395010396,0.0
400360620,9,nissan,toyota,0.0,0.001851851851851852,0.0,0.0,0.06481481481481481,0.9333333333333333,0.0,0.0
2211901E10,10,nissan,toyota,0.005141388174807198,0.010282776349614395,0.0,0.0,0.061696658097686374,0.922879177377892,0.0,0.0
622200460,9,nissan,toyota,0.0,0.0018231540565177757,0.0,0.0,0.04740200546946217,0.95077484047402,0.0,0.0
622197600,9,nissan,toyota,0.0,0.0,0.0,0.0,0.0042796005706134095,0.9914407988587732,0.0,0.0042796005706134095
543030007,9,nissan,toyota,0.0,0.005519779208831647,0.0,0.0,0.02391904323827047,0.9696412143514259,0.0,0.0009199632014719411
400363620,9,nissan,toyota,0.0,0.001851851851851852,0.0,0.0,0.06481481481481481,0.9333333333333333,0.0,0.0
310240019,9,nissan,toyota,0.0,0.0033259423503325942,0.0,0.0022172949002217295,0.05321507760532151,0.9368070953436807,0.0,0.004434589800443459
713162220,9,nissan,toyota,0.0,0.0,0.0,0.0,0.0042796005706134095,0.9914407988587732,0.0,0.0042796005706134095
614040021,9,nissan,toyota,0.0,0.01306532663316583,0.0,0.0,0.024120603015075376,0.9628140703517588,0.0,0.0
861360001,9,nissan,toyota,0.0,0.004589495155532891,0.0,0.0,0.08006119326874044,0.9133095359510454,0.0,0.002039775624681285
530036010,9,nissan,toyota,0.0,0.004589495155532891,0.0,0.0,0.08006119326874044,0.9133095359510454,0.0,0.002039775624681285
504334447,9,nissan,toyota,0.0,0.0030627871362940277,0.0,0.0030627871362940277,0.007656967840735069,0.9862174578866769,0.0,0.0
732068526,9,nissan,toyota,0.0006906077348066298,0.0,0.0,0.0,0.003453038674033149,0.9951657458563536,0.0,0.0006906077348066298
243171751,9,nissan,unknown_article,0.0,0.004878048780487805,0.0,0.01951219512195122,0.06341463414634146,0.0,0.9097560975609756,0.0024390243902439024
531301010,9,nissan,unknown_article,0.0,0.00516795865633075,0.0,0.03617571059431524,0.082687338501292,0.0103359173126615,0.8656330749354005,0.0
602003232,9,nissan,unknown_article,0.0,0.012461059190031152,0.0,0.01557632398753894,0.048286604361370715,0.0,0.9236760124610592,0.0
429202900,9,nissan,unknown_article,0.0,0.009237875288683603,0.0,0.020785219399538105,0.07621247113163972,0.0,0.8937644341801386,0.0
130048009,9,nissan,unknown_article,0.0,0.018648018648018648,0.0,0.07459207459207459,0.06526806526806526,0.0,0.8414918414918415,0.0
802002010,9,nissan,unknown_article,0.0,0.0032520325203252032,0.0,0.05365853658536585,0.04227642276422764,0.00975609756097561,0.8845528455284553,0.0065040650406504065
714124100,9,nissan,unknown_article,0.0,0.00487012987012987,0.0,0.025974025974025976,0.07467532467532467,0.0016233766233766235,0.8912337662337663,0.0016233766233766235
132046008,9,nissan,unknown_article,0.0,0.011011011011011011,0.0,0.013013013013013013,0.1031031031031031,0.0,0.8728728728728729,0.0
803003060,9,nissan,unknown_article,0.0,0.005037783375314861,0.0,0.0,0.04785894206549118,0.0,0.9445843828715366,0.0025188916876574307
538022210,9,nissan,unknown_article,0.0,0.00425531914893617,0.0,0.01276595744680851,0.08936170212765958,0.0,0.8936170212765957,0.0
411041035,9,nissan,unknown_article,0.0,0.00487012987012987,0.0,0.025974025974025976,0.07467532467532467,0.0016233766233766235,0.8912337662337663,0.0016233766233766235
504004781,9,nissan,unknown_article,0.0,0.0058823529411764705,0.0,0.01568627450980392,0.045098039215686274,0.0058823529411764705,0.9235294117647059,0.00392156862745098
254111717,9,nissan,unknown_article,0.0,0.0,0.0,0.0199501246882793,0.11970074812967581,0.0,0.8603491271820449,0.0
500327000,9,nissan,unknown_article,0.0,0.011013215859030838,0.0,0.015418502202643172,0.05726872246696035,0.0,0.9162995594713657,0.0
662129085,9,nissan,unknown_article,0.0,0.00411522633744856,0.0,0.03292181069958848,0.0411522633744856,0.0,0.9176954732510288,0.00411522633744856
127101010,9,nissan,unknown_article,0.0,0.00516795865633075,0.0,0.03617571059431524,0.082687338501292,0.0103359173126615,0.8656330749354005,0.0
430130005,9,nissan,unknown_article,0.0,0.024657534246575342,0.0,0.01643835616438356,0.08493150684931507,0.0,0.873972602739726,0.0
142222090,9,nissan,unknown_article,0.0,0.00425531914893617,0.0,0.01276595744680851,0.08936170212765958,0.0,0.8936170212765957,0.0
532032310,9,nissan,unknown_article,0.0,0.012461059190031152,0.0,0.01557632398753894,0.048286604361370715,0.0,0.9236760124610592,0.0
071115444,9,nissan,unknown_article,0.0,0.004022526146419952,0.0,0.038616251005631534,0.061946902654867256,0.0008045052292839903,0.8921962992759453,0.002413515687851971
003006000,9,nissan,unknown_article,0.0,0.012195121951219513,0.0,0.012195121951219513,0.04065040650406504,0.02032520325203252,0.9105691056910569,0.0040650406504065045
500020211,9,nissan,unknown_article,0.0,0.0032520325203252032,0.0,0.05365853658536585,0.04227642276422764,0.00975609756097561,0.8845528455284553,0.0065040650406504065
500380112,9,nissan,unknown_article,0.0,0.0054585152838427945,0.0,0.04148471615720524,0.0665938864628821,0.0,0.8831877729257642,0.0032751091703056767
222063221,9,nissan,unknown_article,0.0,0.00425531914893617,0.0,0.01276595744680851,0.08936170212765958,0.0,0.8936170212765957,0.0
004026019,9,nissan,unknown_article,0.0,0.027649769585253458,0.0,0.03225806451612903,0.09216589861751152,0.0,0.847926267281106,0.0
850101101,9,nissan,unknown_article,0.0,0.00516795865633075,0.0,0.03617571059431524,0.082687338501292,0.0103359173126615,0.8656330749354005,0.0
001321386,9,nissan,unknown_article,0.0,0.0064794816414686825,0.0,0.04103671706263499,0.05183585313174946,0.0,0.896328293736501,0.004319654427645789
735275927,9,nissan,unknown_article,0.0,0.0036496350364963502,0.0,0.010948905109489052,0.09854014598540146,0.0,0.8832116788321168,0.0036496350364963502
530044410,9,nissan,unknown_article,0.0,0.004022526146419952,0.0,0.038616251005631534,0.061946902654867256,0.0008045052292839903,0.8921962992759453,0.002413515687851971
704080800,9,nissan,unknown_article,0.0,0.004405286343612335,0.0,0.02643171806167401,0.046255506607929514,0.0,0.9229074889867841,0.0
532032010,9,nissan,unknown_article,0.0,0.012461059190031152,0.0,0.01557632398753894,0.048286604361370715,0.0,0.9236760124610592,0.0
651038652,9,nissan,unknown_article,0.0,0.020924149956408022,0.0,0.06015693112467306,0.08195292066259809,0.0,0.8360941586748039,0.0008718395815170009
704070400,9,nissan,unknown_article,0.0,0.0058823529411764705,0.0,0.01568627450980392,0.045098039215686274,0.0058823529411764705,0.9235294117647059,0.00392156862745098
622227209,9,nissan,unknown_article,0.0,0.00425531914893617,0.0,0.01276595744680851,0.08936170212765958,0.0,0.8936170212765957,0.0
813363600,9,nissan,unknown_article,0.0,0.006644518272425249,0.0,0.012181616832779624,0.04318936877076412,0.0,0.937984496124031,0.0
143213202,9,nissan,unknown_article,0.0,0.0064794816414686825,0.0,0.04103671706263499,0.05183585313174946,0.0,0.896328293736501,0.004319654427645789
130030018,9,nissan,unknown_article,0.0,0.005037783375314861,0.0,0.0,0.04785894206549118,0.0,0.9445843828715366,0.0025188916876574307
526060001,9,nissan,unknown_article,0.0,0.011904761904761904,0.0,0.020833333333333332,0.05357142857142857,0.0,0.9136904761904762,0.0
700470070,9,nissan,unknown_article,0.0,0.0021929824561403508,0.0,0.006578947368421052,0.09649122807017543,0.006578947368421052,0.8662280701754386,0.021929824561403508
532032110,9,nissan,unknown_article,0.0,0.012461059190031152,0.0,0.01557632398753894,0.048286604361370715,0.0,0.9236760124610592,0.0
231441951,9,nissan,vag,0.0,0.007050528789659225,0.0,0.0035252643948296123,0.0681551116333725,0.009400705052878966,0.0,0.9118683901292597
500348686,9,nissan,vag,0.0,0.024242424242424242,0.0,0.010606060606060607,0.06212121212121212,0.09696969696969697,0.0,0.806060606060606
811063600,9,nissan,vag,0.0,0.0024509803921568627,0.0,0.016339869281045753,0.04411764705882353,0.022058823529411766,0.0,0.9150326797385621
380216820,9,nissan,vag,0.0,0.0020876826722338203,0.0,0.013917884481558803,0.032707028531663185,0.012526096033402923,0.0,0.9387613082811412
150296232,9,nissan,vag,0.0,0.021505376344086023,0.0,0.007168458781362007,0.038231780167264036,0.013142174432497013,0.0,0.9199522102747909
602008138,9,nissan,vag,0.0,0.0024509803921568627,0.0,0.016339869281045753,0.04411764705882353,0.022058823529411766,0.0,0.9150326797385621
703486800,9,nissan,vag,0.0,0.024242424242424242,0.0,0.010606060606060607,0.06212121212121212,0.09696969696969697,0.0,0.806060606060606
615386000,9,nissan,vag,0.0,0.024242424242424242,0.0,0.010606060606060607,0.06212121212121212,0.09696969696969697,0.0,0.806060606060606
440312820,9,nissan,vag,0.0,0.0020876826722338203,0.0,0.013917884481558803,0.032707028531663185,0.012526096033402923,0.0,0.9387613082811412
015373901,9,nissan,vag,0.0,0.0015432098765432098,0.0,0.021604938271604937,0.11265432098765432,0.020061728395061727,0.0,0.8441358024691358
081010142,9,nissan,vag,0.0,0.0,0.0,0.0,0.03501945525291829,0.011673151750972763,0.0,0.953307392996109
531075910,9,nissan,vag,0.0,0.005063291139240506,0.007594936708860759,0.03291139240506329,0.1240506329113924,0.012658227848101266,0.0,0.8177215189873418
670467843,9,nissan,vag,0.0,0.0,0.0,0.013779527559055118,0.003937007874015748,0.0,0.0,0.9822834645669292
715379600,9,nissan,vag,0.0,0.021505376344086023,0.0,0.007168458781362007,0.038231780167264036,0.013142174432497013,0.0,0.9199522102747909
713000800,9,nissan,vag,0.0,0.004793863854266539,0.0,0.019654841802492808,0.010067114093959731,0.007670182166826462,0.0,0.9578139980824545
735309960,9,nissan,vag,0.0,0.021505376344086023,0.0,0.007168458781362007,0.038231780167264036,0.013142174432497013,0.0,0.9199522102747909
221022972,9,nissan,vag,0.0,0.002785515320334262,0.0,0.0020891364902506965,0.03203342618384401,0.004874651810584958,0.0,0.958217270194986
532085410,9,nissan,vag,0.0,0.0,0.0024390243902439024,0.004878048780487805,0.041463414634146344,0.014634146341463415,0.0,0.9365853658536586
823412047,9,nissan,vag,0.0,0.0021645021645021645,0.0,0.06926406926406926,0.07792207792207792,0.021645021645021644,0.0,0.829004329004329
504317821,9,nissan,vag,0.0,0.0020876826722338203,0.0,0.013917884481558803,0.032707028531663185,0.012526096033402923,0.0,0.9387613082811412
285351852,9,nissan,vag,0.0,0.0,0.0024390243902439024,0.004878048780487805,0.041463414634146344,0.014634146341463415,0.0,0.9365853658536586
550075709,9,nissan,vag,0.0,0.005063291139240506,0.007594936708860759,0.03291139240506329,0.1240506329113924,0.012658227848101266,0.0,0.8177215189873418
460450952,9,nissan,vag,0.0,0.007050528789659225,0.0,0.0035252643948296123,0.0681551116333725,0.009400705052878966,0.0,0.9118683901292597
712157310,9,nissan,vag,0.0,0.0015432098765432098,0.0,0.021604938271604937,0.11265432098765432,0.020061728395061727,0.0,0.8441358024691358
602008305,9,nissan,vag,0.0,0.0,0.0,0.014492753623188406,0.006864988558352402,0.013729977116704805,0.0,0.9649122807017544
123130612,9,nissan,vag,0.0,0.0021645021645021645,0.0,0.06926406926406926,0.07792207792207792,0.021645021645021644,0.0,0.829004329004329
612382020,9,nissan,vag,0.0,0.0020876826722338203,0.0,0.013917884481558803,0.032707028531663185,0.012526096033402923,0.0,0.9387613082811412
134206080,9,nissan,vag,0.0,0.004793863854266539,0.0,0.019654841802492808,0.010067114093959731,0.007670182166826462,0.0,0.9578139980824545
123130601,9,nissan,vag,0.0,0.0021645021645021645,0.0,0.06926406926406926,0.07792207792207792,0.021645021645021644,0.0,0.829004329004329
888013706,9,nissan,vag,0.0,0.0,0.0,0.001557632398753894,0.03426791277258567,0.006230529595015576,0.0,0.9579439252336449
701294810,9,nissan,vag,0.0,0.008883248730964468,0.0,0.013959390862944163,0.015228426395939087,0.013959390862944163,0.0,0.9479695431472082
590311075,9,nissan,vag,0.0,0.005063291139240506,0.007594936708860759,0.03291139240506329,0.1240506329113924,0.012658227848101266,0.0,0.8177215189873418
221028584,9,nissan,vag,0.0,0.0,0.0,0.02824858757062147,0.005649717514124294,0.011299435028248588,0.0,0.9548022598870056
010409530,9,nissan,vag,0.0,0.007050528789659225,0.0,0.0035252643948296123,0.0681551116333725,0.009400705052878966,0.0,0.9118683901292597
062103487,9,nissan,vag,0.0,0.0,0.0,0.017105263157894738,0.05526315789473684,0.015789473684210527,0.0,0.9118421052631579
711227500,9,nissan,vag,0.0,0.005063291139240506,0.007594936708860759,0.03291139240506329,0.1240506329113924,0.012658227848101266,0.0,0.8177215189873418
078115124,9,nissan,vag,0.0,0.0024509803921568627,0.0,0.016339869281045753,0.04411764705882353,0.022058823529411766,0.0,0.9150326797385621
023199504,9,nissan,vag,0.0,0.007050528789659225,0.0,0.0035252643948296123,0.0681551116333725,0.009400705052878966,0.0,0.9118683901292597
407698600,9,nissan,vag,0.0,0.024242424242424242,0.0,0.010606060606060607,0.06212121212121212,0.09696969696969697,0.0,0.806060606060606
106123457,9,nissan,vag,0.0,0.0021645021645021645,0.0,0.06926406926406926,0.07792207792207792,0.021645021645021644,0.0,0.829004329004329
